tclass,stratum,verifier,n,n_true,n_false,n_timeout,n_error,n_eval,n_fail,in_contract,coverage,err_rate,timeout_rate,fn_rate_all,failure_rate,fp_rate_all,fn_rate,fp_rate
adversarial,A_append,mathverify_expr,4990,1,4989,0,0,4990,4989,True,1.0,0.0,0.0,,,0.0002004008016032064,,0.0002004008016032064
adversarial,A_append,mathverify_latex,4990,0,4990,0,0,4990,4990,True,1.0,0.0,0.0,,,0.0,,0.0
adversarial,A_append,strip_string,4990,0,4990,0,0,4990,4990,True,1.0,0.0,0.0,,,0.0,,0.0
adversarial,A_append,sympy_cascade,4990,0,0,0,4990,0,4990,True,0.0,1.0,0.0,,,0.0,,
adversarial,A_digit,mathverify_expr,939,0,939,0,0,939,939,True,1.0,0.0,0.0,,,0.0,,0.0
adversarial,A_digit,mathverify_latex,939,0,939,0,0,939,939,True,1.0,0.0,0.0,,,0.0,,0.0
adversarial,A_digit,strip_string,939,0,939,0,0,939,939,True,1.0,0.0,0.0,,,0.0,,0.0
adversarial,A_digit,sympy_cascade,939,0,939,0,0,939,939,True,1.0,0.0,0.0,,,0.0,,0.0
adversarial,A_offset,mathverify_expr,1287,0,1287,0,0,1287,1287,True,1.0,0.0,0.0,,,0.0,,0.0
adversarial,A_offset,mathverify_latex,1287,0,1287,0,0,1287,1287,True,1.0,0.0,0.0,,,0.0,,0.0
adversarial,A_offset,strip_string,1287,0,1287,0,0,1287,1287,True,1.0,0.0,0.0,,,0.0,,0.0
adversarial,A_offset,sympy_cascade,1287,206,1081,0,0,1287,1081,True,1.0,0.0,0.0,,,0.16006216006216006,,0.16006216006216006
adversarial,A_scale,mathverify_expr,3209,0,3209,0,0,3209,3209,True,1.0,0.0,0.0,,,0.0,,0.0
adversarial,A_scale,mathverify_latex,3209,0,3209,0,0,3209,3209,True,1.0,0.0,0.0,,,0.0,,0.0
adversarial,A_scale,strip_string,3209,0,3209,0,0,3209,3209,True,1.0,0.0,0.0,,,0.0,,0.0
adversarial,A_scale,sympy_cascade,3209,0,2770,0,439,2770,3209,True,0.8631972577126831,0.13680274228731693,0.0,,,0.0,,0.0
adversarial,A_sign,mathverify_expr,2104,0,2104,0,0,2104,2104,True,1.0,0.0,0.0,,,0.0,,0.0
adversarial,A_sign,mathverify_latex,2104,0,2104,0,0,2104,2104,True,1.0,0.0,0.0,,,0.0,,0.0
adversarial,A_sign,strip_string,2104,0,2104,0,0,2104,2104,True,1.0,0.0,0.0,,,0.0,,0.0
adversarial,A_sign,sympy_cascade,2104,0,1288,0,816,1288,2104,True,0.6121673003802282,0.38783269961977185,0.0,,,0.0,,0.0
certified_equiv,S10_sets,mathverify_expr,634,16,618,0,0,634,618,False,1.0,0.0,0.0,0.9747634069400631,0.9747634069400631,,0.9747634069400631,
certified_equiv,S10_sets,mathverify_latex,634,396,238,0,0,634,238,True,1.0,0.0,0.0,0.3753943217665615,0.3753943217665615,,0.3753943217665615,
certified_equiv,S10_sets,strip_string,634,0,634,0,0,634,634,False,1.0,0.0,0.0,1.0,1.0,,1.0,
certified_equiv,S10_sets,sympy_cascade,634,0,0,0,634,0,634,True,0.0,1.0,0.0,0.0,1.0,,,
certified_equiv,S14_unreduced,mathverify_expr,2062,0,2062,0,0,2062,2062,False,1.0,0.0,0.0,1.0,1.0,,1.0,
certified_equiv,S14_unreduced,mathverify_latex,2062,2062,0,0,0,2062,0,True,1.0,0.0,0.0,0.0,0.0,,0.0,
certified_equiv,S14_unreduced,strip_string,2062,0,2062,0,0,2062,2062,False,1.0,0.0,0.0,1.0,1.0,,1.0,
certified_equiv,S14_unreduced,sympy_cascade,2062,0,0,0,2062,0,2062,True,0.0,1.0,0.0,0.0,1.0,,,
certified_equiv,S1_frac_dialect,mathverify_expr,4146,258,3888,0,0,4146,3888,False,1.0,0.0,0.0,0.9377713458755427,0.9377713458755427,,0.9377713458755427,
certified_equiv,S1_frac_dialect,mathverify_latex,4146,4146,0,0,0,4146,0,True,1.0,0.0,0.0,0.0,0.0,,0.0,
certified_equiv,S1_frac_dialect,strip_string,4146,4146,0,0,0,4146,0,True,1.0,0.0,0.0,0.0,0.0,,0.0,
certified_equiv,S1_frac_dialect,sympy_cascade,4146,4146,0,0,0,4146,0,True,1.0,0.0,0.0,0.0,0.0,,0.0,
certified_equiv,S2_frac_decimal,mathverify_expr,1725,1396,329,0,0,1725,329,True,1.0,0.0,0.0,0.1907246376811594,0.1907246376811594,,0.1907246376811594,
certified_equiv,S2_frac_decimal,mathverify_latex,1725,1725,0,0,0,1725,0,True,1.0,0.0,0.0,0.0,0.0,,0.0,
certified_equiv,S2_frac_decimal,strip_string,1725,1287,438,0,0,1725,438,True,1.0,0.0,0.0,0.2539130434782609,0.2539130434782609,,0.2539130434782609,
certified_equiv,S2_frac_decimal,sympy_cascade,1725,1395,0,0,330,1395,330,True,0.808695652173913,0.19130434782608696,0.0,0.0,0.19130434782608696,,0.0,
certified_equiv,S4_delimiters,mathverify_expr,1067,138,929,0,0,1067,929,False,1.0,0.0,0.0,0.8706654170571696,0.8706654170571696,,0.8706654170571696,
certified_equiv,S4_delimiters,mathverify_latex,1067,867,200,0,0,1067,200,True,1.0,0.0,0.0,0.18744142455482662,0.18744142455482662,,0.18744142455482662,
certified_equiv,S4_delimiters,strip_string,1067,1067,0,0,0,1067,0,True,1.0,0.0,0.0,0.0,0.0,,0.0,
certified_equiv,S4_delimiters,sympy_cascade,1067,1067,0,0,0,1067,0,True,1.0,0.0,0.0,0.0,0.0,,0.0,
certified_equiv,S5_mathmode,mathverify_expr,4951,2534,2417,0,0,4951,2417,True,1.0,0.0,0.0,0.4881842052110685,0.4881842052110685,,0.4881842052110685,
certified_equiv,S5_mathmode,mathverify_latex,4951,4951,0,0,0,4951,0,True,1.0,0.0,0.0,0.0,0.0,,0.0,
certified_equiv,S5_mathmode,strip_string,4951,4845,106,0,0,4951,106,True,1.0,0.0,0.0,0.021409816198747728,0.021409816198747728,,0.021409816198747728,
certified_equiv,S5_mathmode,sympy_cascade,4951,4846,0,0,105,4846,105,True,0.9787921631993537,0.021207836800646335,0.0,0.0,0.021207836800646335,,0.0,
certified_equiv,S6_whitespace,mathverify_expr,15704,7852,7852,0,0,15704,7852,True,1.0,0.0,0.0,0.5,0.5,,0.5,
certified_equiv,S6_whitespace,mathverify_latex,15704,9858,5846,0,0,15704,5846,True,1.0,0.0,0.0,0.37226184411614877,0.37226184411614877,,0.37226184411614877,
certified_equiv,S6_whitespace,strip_string,15704,15010,694,0,0,15704,694,True,1.0,0.0,0.0,0.04419256240448293,0.04419256240448293,,0.04419256240448293,
certified_equiv,S6_whitespace,sympy_cascade,15704,15010,0,0,694,15010,694,True,0.9558074375955171,0.04419256240448293,0.0,0.0,0.04419256240448293,,0.0,
certified_equiv,S7_sqrt_exp,mathverify_expr,404,277,127,0,0,404,127,False,1.0,0.0,0.0,0.31435643564356436,0.31435643564356436,,0.31435643564356436,
certified_equiv,S7_sqrt_exp,mathverify_latex,404,403,1,0,0,404,1,True,1.0,0.0,0.0,0.0024752475247524753,0.0024752475247524753,,0.0024752475247524753,
certified_equiv,S7_sqrt_exp,strip_string,404,262,142,0,0,404,142,True,1.0,0.0,0.0,0.35148514851485146,0.35148514851485146,,0.35148514851485146,
certified_equiv,S7_sqrt_exp,sympy_cascade,404,262,0,0,142,262,142,True,0.6485148514851485,0.35148514851485146,0.0,0.0,0.35148514851485146,,0.0,
certified_equiv,S9_grouping,mathverify_expr,573,573,0,0,0,573,0,True,1.0,0.0,0.0,0.0,0.0,,0.0,
certified_equiv,S9_grouping,mathverify_latex,573,573,0,0,0,573,0,True,1.0,0.0,0.0,0.0,0.0,,0.0,
certified_equiv,S9_grouping,strip_string,573,573,0,0,0,573,0,True,1.0,0.0,0.0,0.0,0.0,,0.0,
certified_equiv,S9_grouping,sympy_cascade,573,573,0,0,0,573,0,True,1.0,0.0,0.0,0.0,0.0,,0.0,
contract_dep,S11_text,mathverify_expr,9980,2810,7170,0,0,9980,7170,True,1.0,0.0,0.0,,,,,
contract_dep,S11_text,mathverify_latex,9980,3955,6025,0,0,9980,6025,True,1.0,0.0,0.0,,,,,
contract_dep,S11_text,strip_string,9980,4877,5103,0,0,9980,5103,True,1.0,0.0,0.0,,,,,
contract_dep,S11_text,sympy_cascade,9980,4878,0,0,5102,4878,5102,True,0.4887775551102204,0.5112224448897795,0.0,,,,,
contract_dep,S12_units,mathverify_expr,2782,1391,1391,0,0,2782,1391,True,1.0,0.0,0.0,,,,,
contract_dep,S12_units,mathverify_latex,2782,2782,0,0,0,2782,0,True,1.0,0.0,0.0,,,,,
contract_dep,S12_units,strip_string,2782,2782,0,0,0,2782,0,True,1.0,0.0,0.0,,,,,
contract_dep,S12_units,sympy_cascade,2782,2782,0,0,0,2782,0,True,1.0,0.0,0.0,,,,,
contract_dep,S13_percent,mathverify_expr,20,0,20,0,0,20,20,True,1.0,0.0,0.0,,,,,
contract_dep,S13_percent,mathverify_latex,20,20,0,0,0,20,0,True,1.0,0.0,0.0,,,,,
contract_dep,S13_percent,strip_string,20,0,20,0,0,20,20,True,1.0,0.0,0.0,,,,,
contract_dep,S13_percent,sympy_cascade,20,0,20,0,0,20,20,True,1.0,0.0,0.0,,,,,
contract_dep,S3_boxing,mathverify_expr,19952,1604,18348,0,0,19952,18348,True,1.0,0.0,0.0,,,,,
contract_dep,S3_boxing,mathverify_latex,19952,14978,4974,0,0,19952,4974,True,1.0,0.0,0.0,,,,,
contract_dep,S3_boxing,strip_string,19952,0,19952,0,0,19952,19952,True,1.0,0.0,0.0,,,,,
contract_dep,S3_boxing,sympy_cascade,19952,0,0,0,19952,0,19952,True,0.0,1.0,0.0,,,,,
contract_dep,S8_scientific,mathverify_expr,326,0,326,0,0,326,326,True,1.0,0.0,0.0,,,,,
contract_dep,S8_scientific,mathverify_latex,326,326,0,0,0,326,0,True,1.0,0.0,0.0,,,,,
contract_dep,S8_scientific,strip_string,326,0,326,0,0,326,326,True,1.0,0.0,0.0,,,,,
contract_dep,S8_scientific,sympy_cascade,326,0,0,0,326,0,326,True,0.0,1.0,0.0,,,,,
